campaign_cycle_index,batch_index,carton_index,cell_cycle_duration_sim_s,robot_cycle_duration_sim_s,planned_motion_s,q2_q3_max_error_deg,placement_xy_error_m,placement_z_error_m,placement_yaw_error_deg,tracking_error_max_rad,saturation_global_max_contiguous_s,indexer_direct_state_age_wall_s,status,batch_reset_before_cycle
1,1,1,9.65,9.65,8.488501081555702,0.8052037879415934,0.002605563281985752,0.00424402933714052,0.23314396993307826,0.022683124156827272,0.0,,PASS,False
2,1,2,9.678,9.678,8.400414640357557,0.7262134650025587,0.0015056555694733485,0.004128472866677169,0.181732341751074,0.014159938799367056,0.0,0.007870374999811247,PASS,False
3,1,3,9.934999999999999,9.934999999999999,8.487363775946504,0.6626964332487262,0.004973770662781334,0.005029806215012034,0.4745364274500922,0.03593640459216774,0.0,,PASS,False
4,1,4,10.091000000000001,9.664000000000001,8.39910605693802,0.6251048242441755,0.0062309740796402885,0.004015165779736707,0.2332167857203272,0.01618551238221122,0.0,0.025296415999946475,PASS,False
5,1,5,10.824000000000005,10.824000000000005,9.489999999999998,0.598072617773127,0.01437712032174646,0.004779537031676662,0.31673010939623353,0.016534154138316604,0.01,,PASS,False
6,1,6,10.792000000000002,10.792000000000002,9.489999999999998,0.5767820143718438,0.014274266775405262,0.004176437407273581,0.9853095321405023,0.014769947425106178,0.01,0.0003496250001262524,PASS,False
7,1,7,10.643,10.643,9.489999999999998,0.562009582280254,0.013472523820768566,0.00435597555437961,0.0629937016703906,0.012736101309339443,0.01,,PASS,False
8,1,8,10.774000000000001,10.623000000000005,9.489999999999998,0.5456663196068661,0.012494575988938463,0.005023961380655861,0.4752250198384836,0.014566871740359089,0.01,0.000463208000155646,PASS,False
9,1,9,11.466999999999999,11.466999999999999,10.21,0.5342056069628427,0.003445498628114628,0.0034644287118492656,0.339387841571703,0.01207071660738479,0.01,,PASS,False
10,1,10,11.179000000000002,11.179000000000002,10.21,0.5407465670820528,0.0029619089089290567,0.005113777286364529,0.21305419024841554,0.011156934210534875,0.01,0.00047808299996177084,PASS,False
11,1,11,11.200999999999993,11.200999999999993,10.21,0.5406880755273988,0.004097990636388884,0.005030296070446916,0.1539515859077349,0.011033707931776826,0.01,,PASS,False
12,1,12,10.248000000000005,10.248000000000005,9.64,0.5409405167248593,0.0018674789663570286,0.003656993171262668,0.1350603731705628,0.009895971272310122,0.01,,PASS,False
13,2,1,9.793,9.793,8.488529983769915,0.8018388571063184,0.0031016395136411424,0.004295431584995679,0.25970139441927487,0.016227244851213518,0.0,,PASS,True
14,2,2,9.774000000000001,9.774000000000001,8.400410255506266,0.7211859510551761,0.0015260638415749755,0.004121381988892336,0.19481012806002299,0.018105241163027586,0.0,0.00035754199984694424,PASS,False
15,2,3,9.958000000000002,9.958000000000002,8.487269433121122,0.6610958112061098,0.005197892204035562,0.005028540733550746,0.47344631693318945,0.020501806678968837,0.0,,PASS,False
16,2,4,10.234000000000002,9.816000000000003,8.399082513623364,0.623621140396935,0.0063243948115365356,0.005043097618050552,0.24182252309296423,0.01989628820923306,0.01,0.02938912500007973,PASS,False
17,2,5,10.82,10.82,9.489999999999998,0.6057906315820958,0.013306474678278642,0.003786427645928736,0.27630977876925483,0.015334875595077957,0.01,,PASS,False
18,2,6,10.801000000000002,10.801000000000002,9.489999999999998,0.5801943543239503,0.014306105154306912,0.004130183701835155,0.9803183368190953,0.014845075520341311,0.01,0.0004367080000520218,PASS,False
19,2,7,10.831000000000003,10.831000000000003,9.489999999999998,0.554824291178619,0.012863266326600615,0.004567351392922525,0.16997578324905244,0.012998880790072942,0.01,,PASS,False
20,2,8,10.786000000000001,10.653000000000006,9.489999999999998,0.5465806639908379,0.012630240377897835,0.004910704633254714,0.4781143174527693,0.014404545485541043,0.01,0.002969709000126386,PASS,False
21,2,9,11.262,11.262,10.21,0.5348376732929978,0.004432152275005375,0.0035972361758793703,0.1256980888734883,0.011062052515965037,0.01,,PASS,False
22,2,10,11.155999999999992,11.155999999999992,10.21,0.5390328305815189,0.0026547621160985303,0.0037951025175895214,0.15589082654976685,0.011703849476843553,0.01,0.0006735410001965647,PASS,False
23,2,11,11.096000000000004,11.096000000000004,10.21,0.5388274434967002,0.0038252218200114482,0.0040301999709317915,0.1366503037753393,0.011176800789291619,0.01,,PASS,False
24,2,12,10.251999999999995,10.251999999999995,9.64,0.5365817000424187,0.0019782877418204397,0.003650382118503437,0.1308001707266309,0.009759356038008926,0.01,,PASS,False
25,3,1,9.834999999999999,9.834999999999999,8.48848752665096,0.7994098784170092,0.0026647452990328463,0.004246145974447502,0.22674642256232974,0.016665674351072246,0.0,,PASS,True
26,3,2,9.889000000000003,9.889000000000003,8.400392016992527,0.7235302188986168,0.0017015424448846735,0.005062764042451096,0.20829300933753614,0.021721266176261578,0.0,0.0228223330000219,PASS,False
27,3,3,9.848000000000003,9.848000000000003,8.487383771139122,0.6623433541054311,0.005028267115010814,0.005041711841634933,0.4702936809187767,0.01754120092878786,0.0,,PASS,False
28,3,4,10.232999999999997,9.823999999999998,8.39909369862128,0.6207025520658362,0.006280072818626806,0.005041335787710266,0.24369170298156953,0.01455272043050404,0.0,0.02496800000017174,PASS,False
29,3,5,10.815000000000005,10.815000000000005,9.489999999999998,0.6001879229579856,0.013196706072881304,0.00501100643389929,0.2145356308205073,0.031147502210585598,0.0,,PASS,False
30,3,6,10.761999999999993,10.761999999999993,9.489999999999998,0.5781086926103853,0.01376433375682798,0.005041111348114136,0.9778539779278838,0.014550710563506764,0.0,0.0003775840000344033,PASS,False
31,3,7,10.611000000000004,10.611000000000004,9.489999999999998,0.5564452566048601,0.013589164350819919,0.004685595129261921,0.11738072855518607,0.014334116410141262,0.0,,PASS,False
32,3,8,10.769999999999996,10.631,9.489999999999998,0.5422831728810138,0.012508567042971094,0.005023292775182653,0.4741177510042061,0.014960451904025396,0.0,0.0006780829999115667,PASS,False
33,3,9,11.406000000000006,11.406000000000006,10.21,0.5309352863378507,0.0038230339252462997,0.0045844467820845836,0.31790414373323367,0.012715304145232809,0.0,,PASS,False
34,3,10,11.171000000000006,11.171000000000006,10.21,0.5389910356173999,0.0028057563748020444,0.004530049098957489,0.2078735813402152,0.0116889423267863,0.0,0.0007307089999812888,PASS,False
35,3,11,11.080999999999989,11.080999999999989,10.21,0.539422750210278,0.0038967429074152353,0.003584781082192068,0.11284824859665148,0.01413297407732228,0.0,,PASS,False
36,3,12,10.27600000000001,10.27600000000001,9.64,0.5376441525954334,0.0015187749735805361,0.003644796634038494,0.15080636401211658,0.011656622350773915,0.0,,PASS,False
37,4,1,9.793000000000003,9.793000000000003,8.488444475656934,0.8045611086189268,0.0029860998141857265,0.004805306303116597,0.24386270703735147,0.01734485337804703,0.0,,PASS,True
38,4,2,9.674,9.674,8.400415819146989,0.7224058791423431,0.0014852527896008498,0.0041216065185247786,0.19131952983045195,0.015049472842547984,0.0,0.0004269999999451102,PASS,False
39,4,3,9.922,9.922,8.487278144991265,0.6591779601208714,0.005196509313614108,0.005078639212125813,0.47508654862820776,0.021452542132152308,0.0,,PASS,False
40,4,4,10.088000000000001,9.701,8.399102819851729,0.6166676700987352,0.006372778811637236,0.00393776257235523,0.23186323041286525,0.011082638625814711,0.0,0.00040300000000570435,PASS,False
41,4,5,10.814,10.814,9.49,0.6058977341773897,0.013347387237380704,0.004778354707842158,0.2429055843610806,0.020115280528661073,0.0,,PASS,False
42,4,6,10.817999999999998,10.817999999999998,9.489999999999998,0.5757380364476035,0.014011535118132438,0.0044475961042170775,0.9766375724890741,0.014406901930116067,0.0,0.0004442920003384643,PASS,False
43,4,7,10.63900000000001,10.63900000000001,9.489999999999998,0.5570049430095736,0.013800486612812206,0.004563370355693208,0.06939470625119325,0.01553462741875844,0.0,,PASS,False
44,4,8,10.774000000000001,10.647999999999996,9.489999999999998,0.5459081877715732,0.01253577242083417,0.0050205575055535245,0.4703962733531849,0.014376232807136402,0.0,0.0006415839998226147,PASS,False
45,4,9,11.525999999999996,11.525999999999996,10.21,0.5356624400742334,0.0033665108984155304,0.0037036044134381996,0.32621903726463486,0.01382086672471794,0.0,,PASS,False
46,4,10,11.158999999999992,11.158999999999992,10.21,0.5373444642838621,0.0024481774718791804,0.0036490175328580676,0.20176909834046522,0.011093812867914332,0.0,0.005813834000036877,PASS,False
47,4,11,11.021,11.021,10.21,0.5397797201531915,0.004021403383559418,0.0034280619106248356,0.08105032025475122,0.010055927534821985,0.0,,PASS,False
48,4,12,10.304000000000002,10.304000000000002,9.64,0.5376398224571659,0.002011779153602027,0.00512097783643517,0.1835414202381175,0.010454135550109767,0.0,,PASS,False
49,5,1,9.987,9.987,8.488548639292842,0.8045749229043935,0.0028761003587632543,0.004287140907593301,0.24932341077181377,0.02559110620282201,0.0,,PASS,True
50,5,2,9.797,9.797,8.400384127076773,0.7200369899625088,0.0009464092739056057,0.004198577731324593,0.19210933971876393,0.01852636835182797,0.0,0.021773874999780674,PASS,False
51,5,3,10.001000000000001,10.001000000000001,8.487030769196654,0.6593511055345118,0.005997643050131803,0.005053327788855477,0.46908588014285585,0.019125664050958724,0.0,,PASS,False
52,5,4,10.101999999999997,9.704999999999998,8.399108390203697,0.6160492577277807,0.0066689330378943345,0.003941155218894377,0.231793112831992,0.011296331789408143,0.0,0.0004446250000000873,PASS,False
53,5,5,10.760000000000005,10.760000000000005,9.489999999999998,0.5976648935991875,0.013148023482022615,0.0037885510291706392,0.3291879322192773,0.025779894803761083,0.01,,PASS,False
54,5,6,10.792999999999992,10.792999999999992,9.489999999999998,0.5740513203962507,0.01410013578425595,0.0039005768630470117,0.9466144313709887,0.015902006105485533,0.01,0.0006039169998075522,PASS,False
55,5,7,10.682000000000002,10.682000000000002,9.489999999999998,0.5591420560979401,0.012177672222103409,0.004563738384105398,0.07811875957912492,0.013395834038550936,0.01,,PASS,False
56,5,8,10.735,10.598000000000013,9.489999999999998,0.5447759564127779,0.012644813123726239,0.005018106847734183,0.4767740047774758,0.014530078749222408,0.01,0.0004418340004122001,PASS,False
57,5,9,11.457000000000008,11.457000000000008,10.21,0.5360916193279621,0.0032679807038618097,0.003373041855055048,0.32337125745833484,0.014219468292916204,0.01,,PASS,False
58,5,10,11.164000000000001,11.164000000000001,10.21,0.5369251956865781,0.002006936827511966,0.004867847173678053,0.21578993887178774,0.011425143788637682,0.01,0.02706808299990371,PASS,False
59,5,11,11.168000000000006,11.168000000000006,10.21,0.5385294095066939,0.0037008639079577545,0.0034353367361485976,0.12065300919945439,0.012326525653673759,0.01,,PASS,False
60,5,12,10.263999999999982,10.263999999999982,9.639999999999999,0.5388276601237152,0.0022558197769372377,0.004538095302449863,0.14442262478371407,0.012418130729425991,0.01,,PASS,False
61,6,1,9.908000000000001,9.908000000000001,8.48840413412855,0.8011749706052882,0.0028231694530635692,0.00487567885994411,0.24880681025447576,0.027336388982383886,0.01,,PASS,True
62,6,2,9.811,9.811,8.399893662983931,0.7142428839436263,0.0011062886368365026,0.004116882329673555,0.19060458973791264,0.026226949501397367,0.01,0.00045799999998052954,PASS,False
63,6,3,9.841999999999999,9.841999999999999,8.486988819025033,0.655808622491449,0.006177768918096309,0.004009242743502339,0.45089883704100314,0.017558004641590852,0.01,,PASS,False
64,6,4,10.134,9.740000000000002,8.399097497911857,0.6241699010278694,0.006637861665840747,0.004932084627064626,0.24119920205538675,0.012653541367842358,0.01,0.00047237499984476017,PASS,False
65,6,5,10.852000000000004,10.852000000000004,9.489999999999998,0.5953084385134417,0.013353258264073666,0.004567057215787318,0.19085840147871103,0.01796367651313746,0.01,,PASS,False
66,6,6,10.838999999999999,10.838999999999999,9.489999999999998,0.5784874203940973,0.01393840043288149,0.005034791297823471,0.972636418862545,0.014446272328968002,0.01,0.015623917000084475,PASS,False
67,6,7,10.823999999999998,10.823999999999998,9.489999999999998,0.5586894735457122,0.013358346157109841,0.004357790533717432,0.22115283649912024,0.013788338899010766,0.01,,PASS,False
68,6,8,10.698999999999998,10.561999999999998,9.489999999999998,0.5426309409776309,0.012889752898180831,0.004045361770524503,0.464351096312245,0.014929513306509046,0.01,0.0011727500000233704,PASS,False
69,6,9,11.408000000000001,11.408000000000001,10.21,0.5363888375341048,0.003522636683333852,0.004469474461715306,0.31705994922009906,0.01678659634231039,0.01,,PASS,False
70,6,10,11.156000000000006,11.156000000000006,10.21,0.5392558778868164,0.002750605291296217,0.0036327695896005707,0.1469516756300811,0.011208956239820544,0.01,0.0005114589998811425,PASS,False
71,6,11,11.031999999999996,11.031999999999996,10.21,0.5410298692152651,0.0039160434894429065,0.003419265082735601,0.07876635735827225,0.01016027411003928,0.01,,PASS,False
72,6,12,10.240000000000009,10.240000000000009,9.64,0.5376004768218507,0.002187987083966416,0.0037112736855053896,0.12199238692659163,0.010463970232061026,0.01,,PASS,False
73,7,1,9.981000000000002,9.981000000000002,8.488445210429678,0.8041790380865876,0.0028519935860048095,0.004247587117618301,0.2389755471815886,0.025343634771404777,0.0,,PASS,True
74,7,2,9.818000000000001,9.818000000000001,8.400420930326842,0.7198635210148865,0.0017072645767656231,0.005058077169211583,0.21134128387360318,0.020277897225391306,0.01,0.000443249999989348,PASS,False
75,7,3,9.850999999999999,9.850999999999999,8.487348150683243,0.6563106696043093,0.005175490578329502,0.005032315873220283,0.4746878011620902,0.02509713688439108,0.01,,PASS,False
76,7,4,10.038000000000004,9.635000000000005,8.399119331374276,0.6192674428649951,0.006614963770310466,0.0050454393058527724,0.2446286120455522,0.015992530777757752,0.01,0.0004262080001353752,PASS,False
77,7,5,10.736999999999995,10.736999999999995,9.49,0.5999551678220882,0.013156323590967125,0.004157022391895082,0.2519721844124362,0.015384516999859432,0.01,,PASS,False
78,7,6,10.75200000000001,10.75200000000001,9.489999999999998,0.5756417660729909,0.014252418561671197,0.004173469148395337,0.9718590902690569,0.014951067947038377,0.01,0.0033096669994847616,PASS,False
79,7,7,10.822999999999993,10.822999999999993,9.489999999999998,0.5563465062755597,0.013838020886892852,0.00503097004662556,0.2047119374369358,0.019865273469555023,0.01,,PASS,False
80,7,8,10.793000000000006,10.646000000000015,9.489999999999998,0.5431259054602151,0.012540528919065576,0.005020920757450309,0.4745942319125726,0.014274631539694438,0.01,0.0006781669999327278,PASS,False
81,7,9,11.450999999999993,11.450999999999993,10.21,0.5358401681803997,0.0032933765543786335,0.0033755164501676482,0.3232002086549634,0.011811873620577895,0.01,,PASS,False
82,7,10,11.164000000000001,11.164000000000001,10.21,0.5384558362592315,0.0017119398062011746,0.0049920142026504966,0.25005102993085104,0.009134178707858043,0.01,0.003026916000635538,PASS,False
83,7,11,11.171999999999997,11.171999999999997,10.21,0.5408699675768105,0.0038952269945806903,0.003949175842895558,0.08181860527758851,0.01203024287883081,0.01,,PASS,False
84,7,12,10.27600000000001,10.27600000000001,9.64,0.5406101087134942,0.002196647530232966,0.003697877846487563,0.12318027341902434,0.01160220019115954,0.01,,PASS,False
85,8,1,9.847000000000001,9.847000000000001,8.488422133345932,0.8011165718001507,0.002821579881484376,0.004257404818184818,0.24362439974601433,0.034817998016814844,0.0,,PASS,True
86,8,2,9.791,9.791,8.399919145446297,0.7151939310777209,0.0010529003255474968,0.004163806075939469,0.19856950307069512,0.022285106286844103,0.0,0.0004150830000071437,PASS,False
87,8,3,9.942,9.942,8.48704724939611,0.6589490666533777,0.005885696511904566,0.005026710273569157,0.46917621328768083,0.025858796413847918,0.0,,PASS,False
88,8,4,10.188000000000002,9.763000000000005,8.399083499102474,0.6188771605955168,0.00660136145638572,0.0039416980158150094,0.22767336941045696,0.020301039206473304,0.0,0.0004646659999707481,PASS,False
89,8,5,10.798000000000002,10.798000000000002,9.489999999999998,0.604246027025809,0.013866089878404543,0.004999819032674879,0.3016815623149306,0.019883002925362048,0.0,,PASS,False
90,8,6,10.827999999999996,10.827999999999996,9.489999999999998,0.575369200056258,0.01449205457578299,0.003899234718472311,0.9749765559056579,0.01483519815170542,0.0,0.0037317079995773383,PASS,False
91,8,7,10.631,10.631,9.489999999999998,0.5611965485917523,0.012638818722775528,0.005045694314871563,0.07758087459878206,0.013743664538598432,0.0,,PASS,False
92,8,8,10.713000000000008,10.582999999999998,9.49,0.5425588896314224,0.01254595042871934,0.005022124438750386,0.47497505855807665,0.01458744301740622,0.0,0.0026168750000579166,PASS,False
93,8,9,11.254999999999995,11.254999999999995,10.21,0.53625942279578,0.004088834125102517,0.005074776421470473,0.18148426770633405,0.011812307833594105,0.0,,PASS,False
94,8,10,11.171999999999997,11.171999999999997,10.21,0.5376823447251411,0.002560752394529832,0.0036288402113857643,0.1949531906241776,0.010450413827318705,0.0,0.00051050000001851,PASS,False
95,8,11,11.070999999999998,11.070999999999998,10.21,0.5402190151213659,0.004153356827395387,0.004628498587208707,0.08926595559103297,0.014685013948461556,0.0,,PASS,False
96,8,12,10.253000000000014,10.253000000000014,9.64,0.5398497804334994,0.002267754039556969,0.003679359087660261,0.12136766962711772,0.011017497669008947,0.0,,PASS,False
97,9,1,9.834999999999999,9.834999999999999,8.488388323086852,0.8007783429002444,0.0028408008816038248,0.004255953376538835,0.23432231417655344,0.023836407483107003,0.0,,PASS,True
98,9,2,9.758000000000003,9.758000000000003,8.39993670400711,0.7185469028217568,0.0011135149263122163,0.004318280875984293,0.20110004877443452,0.024980715488421956,0.0,0.00047566699959133985,PASS,False
99,9,3,9.837999999999997,9.837999999999997,8.487105192085487,0.6636655597753958,0.005945483487886426,0.004056670539423934,0.4486874929936455,0.020029672754388494,0.0,,PASS,False
100,9,4,10.088000000000001,9.701999999999998,8.39906683865188,0.618625915202685,0.006823842839028673,0.004135196763021209,0.23191884673236512,0.016671725643093938,0.0,0.0305651670005318,PASS,False
101,9,5,10.82,10.82,9.489999999999998,0.6020079701906127,0.013000424888196289,0.004239923546146218,0.26436404476924025,0.015613290604755137,0.01,,PASS,False
102,9,6,10.901000000000003,10.901000000000003,9.489999999999998,0.5792916860634989,0.014042607178959035,0.004922724267171663,0.974790617000357,0.01441172530153878,0.01,0.0004482499998630374,PASS,False
103,9,7,10.783000000000001,10.783000000000001,9.489999999999998,0.5557434407603097,0.013671040913598182,0.004160319740918905,0.20166062077487773,0.022718649214145792,0.01,,PASS,False
104,9,8,10.763000000000005,10.61,9.489999999999998,0.5419499829278607,0.012638822038974103,0.005026627564036601,0.482349356854015,0.014741801956128286,0.01,0.004133874999752152,PASS,False
105,9,9,11.308999999999997,11.308999999999997,10.21,0.5388306349776286,0.0037221969123160674,0.0034458597620004028,0.16761651666182878,0.015739752269928853,0.01,,PASS,False
106,9,10,11.171999999999997,11.171999999999997,10.21,0.5384083734206655,0.002235746091799491,0.0037517606212205123,0.21381902002215594,0.011948481337282768,0.01,0.000503334000313771,PASS,False
107,9,11,11.039000000000001,11.039000000000001,10.21,0.5403467426148723,0.003916733504349321,0.0035736270607240606,0.08133515081869572,0.009777172004331702,0.01,,PASS,False
108,9,12,10.296999999999997,10.296999999999997,9.639999999999999,0.5378825177184723,0.0020091677002992887,0.003666832634284134,0.1551655835168625,0.010458199583082806,0.01,,PASS,False
